{
  "project_info": {
    "project_number": "222100016999",
    "firebase_url": "https://doctors-in-rangpur.firebaseio.com",
    "project_id": "doctors-in-rangpur",
    "storage_bucket": "doctors-in-rangpur.appspot.com"
  },
  "client": [
    {
      "client_info": {
        "mobilesdk_app_id": "1:222100016999:android:b8242a908e4b82c5a6e9c2",
        "android_client_info": {
          "package_name": "com.shineuplab.doctorsinrangpur"
        }
      },
      "oauth_client": [
        {
          "client_id": "222100016999-l7tfuufv23ib0h8pg08nqpti3qard5i4.apps.googleusercontent.com",
          "client_type": 1,
          "android_info": {
            "package_name": "com.shineuplab.doctorsinrangpur",
            "certificate_hash": "085e73bf50b7907403cf976ea88ed65da5c91e57"
          }
        },
        {
          "client_id": "222100016999-2biebpb2bofb6fu5duqpihmvsbk2mj0c.apps.googleusercontent.com",
          "client_type": 1,
          "android_info": {
            "package_name": "com.shineuplab.doctorsinrangpur",
            "certificate_hash": "6db4faa50433b59ad0c80b3f6304adf7d9df0264"
          }
        },
        {
          "client_id": "222100016999-0rb571l9r57nq4op8n4p7qu4k3tc3c7v.apps.googleusercontent.com",
          "client_type": 3
        }
      ],
      "api_key": [
        {
          "current_key": "AIzaSyA4VoeyAIDFNxhbkAcJH1kGjN0V-l3-Edc"
        }
      ],
      "services": {
        "appinvite_service": {
          "other_platform_oauth_client": [
            {
              "client_id": "222100016999-0rb571l9r57nq4op8n4p7qu4k3tc3c7v.apps.googleusercontent.com",
              "client_type": 3
            }
          ]
        }
      }
    }
  ],
  "configuration_version": "1"
}